id,评价内容,情感,理由
1,衣服质量很好 穿着很舒服 下次还会回购,正面,评价中提及衣服质量好且穿着舒服，还表示会回购，说明对商品满意。
2,发货太慢了 等了一个星期才收到 差评,负面,评价中提到发货慢和等待时间长，对服务体验表示不满。
3,颜色和图片差很多 收到的是暗红色 我要的是正红 不满意,负面,客户对收到的商品颜色不满意，与期望的颜色有较大差异，表示不满意度。
4,非常好 物美价廉 推荐购买,正面,评价中使用了'非常好'、'物美价廉'和'推荐购买'等积极词汇
5,尺码偏小 建议买大一号 其他还行,中性,评价中对商品质量持中立态度，仅对尺码大小有建议
6,面料太差了 洗了一次就起球 再也不买了,负面,评价中提到了面料质量差，衣物洗后起球，并表示不会再购买，这些都是负面反馈。
7,包装很精美 衣服质量也不错 满意,正面,评价中包含了对商品包装和质量的正面描述以及满意的表达。
8,客服态度很差 问个问题半天不回 差评,负面,评价中提到客服态度差，回复速度慢，因此给出差评，整体评价为负面。
9,第二次购买了 质量一如既往的好 支持,正面,评价中提到产品质量好且支持，表示满意和肯定
10,衣服有点线头 不过不影响穿 勉强好评吧,中性,评价中既有负面反馈（线头问题），但同时也给出了勉强的正面评价，整体情感倾向中性。
11,物超所值 这个价格买到这种质量 赚到了,正面,评价中表示物超所值，价格与质量相符，因此是正面评价。
12,一般般 没有想象中那么好 不值这个价,负面,评价中表达了对商品的失望和认为价格不值
13,物流很快 衣服也很合身 点赞,正面,物流速度快且衣服合身
14,收到的衣服有明显破损 要求退款,负面,用户收到的衣服有明显破损，要求退款，表明对商品质量不满意。
15,版型很好 显瘦 同事都问我在哪买的,正面,评价者提到版型好，显瘦，并且同事们询问购买链接，说明评价者对产品满意。
16,卖家服务态度特别好 还送了小礼物 感动,正面,卖家服务态度好并赠送小礼物，给顾客带来感动
17,色差严重 和图片完全不一样 退货,负面,顾客对商品颜色与图片不符表示不满，并要求退货
18,面料很舒服 贴身穿着不扎皮肤 适合夏天,正面,面料舒服，适合夏天穿着
19,不值这个价 质量还不如之前几十块买的,负面,评价中表示不值这个价格且质量不如之前的商品，表达了不满情绪。
20,衣服收到有异味 洗了两遍还是有味道 差评,负面,顾客对收到的衣服有异味并且洗后仍然存在表示不满，因此给出差评。
21,好评 版型好 穿着舒服 颜色也正,正面,评价中使用了积极的词汇如'好评'、'版型好'、'穿着舒服'和'颜色也正'，表明对商品有正面的反馈。
22,袖口设计有问题 太紧了 活动不方便,负面,评价中提到袖口设计有问题，活动不方便，表示对商品的不满。
23,物流太慢了 等了一周才到 失望,负面,物流速度慢，导致等待时间长，客户感到失望。
24,衣服收到了 质量还行 对得起这个价,正面,评价中提到衣服质量还行，对得起这个价格，暗示了对产品性价比的认可。
25,非常喜欢 已经推荐给闺蜜了 下次还来,正面,评价中使用了喜欢和推荐，且表示还会再次光顾，体现正面情感。
26,领口缝线歪了 做工太粗糙 不满意,负面,领口缝线歪了，做工粗糙，对此不满意度高。
27,客服态度很好 耐心解答问题 给个赞,正面,评价中提到客服态度好，耐心解答问题，给予了正面的反馈。
28,尺码很准 按照平时穿的号买的刚好,正面,评价者表示尺码准确，购买的尺码正好适合，说明对产品满意。
29,面料起静电 冬天穿不舒服 不太推荐,负面,面料起静电，冬天穿不舒服，不太推荐
30,整体不错 就是扣子有点松 容易掉,中性,评价中既有正面的反馈（整体不错），也有负面的反馈（扣子有点松容易掉），整体评价为中性。
31,超级喜欢这件衣服 穿上显瘦还显气质 五星好评,正面,评价中使用了喜欢、显瘦、显气质和五星好评等词汇，表达了对商品的积极态度。
32,质量太差 穿了一次就开线了 差评,负面,评价中提到了质量问题和不满意的购物体验
33,价格合理 衣服质量也可以 性价比很高,正面,评价中提到了价格合理、衣服质量可以以及高性价比，这些都是正面反馈。
34,颜色很正 和图片一致 好评,正面,评价中提到了商品颜色与图片一致，给出了好评，这些都是正面的反馈。
35,包装简陋 衣服有褶皱 体验不好,负面,包装简陋和衣服有褶皱影响了购物体验
